<?xml version="1.0" encoding="UTF-8"?>
<addon id="repository.botallen" name="BotAllen Repository" version="2.0.1" provider-name="botallen">
    <extension point="xbmc.addon.repository" name="BotAllen Repository">
        <dir minversion="19.0">
            <info>https://raw.githubusercontent.com/sujay1992/repository.botallen/main/v2.0.0/addons.xml</info>
            <checksum>https://raw.githubusercontent.com/sujay1992/repository.botallen/main/v2.0.0/addons.xml.md5</checksum>
            <datadir zip="true">https://raw.githubusercontent.com/sujay1992/KodiRepo/main/dl/</datadir>
        </dir>
    </extension>
    <extension point="xbmc.addon.metadata">
        <summary>BotAllen Repository for Kodi</summary>
        <description>A Repository for Streaming Add-ons of Indian OTT Providers</description>
        <platform>all</platform>
        <assets>
            <icon>icon.png</icon>
            <fanart>fanart.jpg</fanart>
            <clearlogo>icon.png</clearlogo>
        </assets>
    </extension>
</addon>